# generated by expected.py; edit that, not this
CIS-2.1.1	disabled-job	NA
CIS-2.1.1	hooks/gwt-token	MANUAL
CIS-2.1.1	legacy-build	MANUAL
CIS-2.1.1	legacy-maven	MANUAL
CIS-2.1.1	org/team-a/deep/nightly	MANUAL
CIS-2.1.1	platform/api-service	MANUAL
CIS-2.1.1	platform/inline-deploy	MANUAL
CIS-2.1.1	platform/inline-nosandbox	MANUAL
CIS-2.1.1	platform/multibranch-app	MANUAL
CIS-2.1.1	scripts/system-groovy	MANUAL
CIS-2.1.1	secrets/creds-in-url	MANUAL
CIS-2.1.1	secrets/mb-creds-in-url	MANUAL
CIS-2.1.1	teams/defaults-mb	MANUAL
CIS-2.1.1	teams/inline-mb	MANUAL
CIS-2.1.1	Équipe A+B/déploiement (prod)	MANUAL
CIS-2.1.2	disabled-job	NA
CIS-2.1.2	hooks/gwt-token	MANUAL
CIS-2.1.2	legacy-build	MANUAL
CIS-2.1.2	legacy-maven	MANUAL
CIS-2.1.2	org/team-a/deep/nightly	MANUAL
CIS-2.1.2	platform/api-service	MANUAL
CIS-2.1.2	platform/inline-deploy	MANUAL
CIS-2.1.2	platform/inline-nosandbox	MANUAL
CIS-2.1.2	platform/multibranch-app	MANUAL
CIS-2.1.2	scripts/system-groovy	MANUAL
CIS-2.1.2	secrets/creds-in-url	MANUAL
CIS-2.1.2	secrets/mb-creds-in-url	MANUAL
CIS-2.1.2	teams/defaults-mb	MANUAL
CIS-2.1.2	teams/inline-mb	MANUAL
CIS-2.1.2	Équipe A+B/déploiement (prod)	MANUAL
CIS-2.1.3	controller	MANUAL
CIS-2.1.4	controller	MANUAL
CIS-2.1.5	controller	PASS
CIS-2.1.6	controller	PASS
CIS-2.2.1	controller	MANUAL
CIS-2.2.3	controller	FAIL
CIS-2.2.4	controller	MANUAL
CIS-2.2.6	controller	MANUAL
CIS-2.3.1	disabled-job	NA
CIS-2.3.1	hooks/gwt-token	MANUAL
CIS-2.3.1	legacy-build	MANUAL
CIS-2.3.1	legacy-maven	MANUAL
CIS-2.3.1	org/team-a/deep/nightly	MANUAL
CIS-2.3.1	platform/api-service	MANUAL
CIS-2.3.1	platform/inline-deploy	MANUAL
CIS-2.3.1	platform/inline-nosandbox	MANUAL
CIS-2.3.1	platform/multibranch-app	MANUAL
CIS-2.3.1	scripts/system-groovy	MANUAL
CIS-2.3.1	secrets/creds-in-url	MANUAL
CIS-2.3.1	secrets/mb-creds-in-url	MANUAL
CIS-2.3.1	teams/defaults-mb	MANUAL
CIS-2.3.1	teams/inline-mb	MANUAL
CIS-2.3.1	Équipe A+B/déploiement (prod)	MANUAL
CIS-2.3.4	disabled-job	NA
CIS-2.3.4	hooks/gwt-token	MANUAL
CIS-2.3.4	legacy-build	MANUAL
CIS-2.3.4	legacy-maven	MANUAL
CIS-2.3.4	org/team-a/deep/nightly	MANUAL
CIS-2.3.4	platform/api-service	MANUAL
CIS-2.3.4	platform/inline-deploy	MANUAL
CIS-2.3.4	platform/inline-nosandbox	MANUAL
CIS-2.3.4	platform/multibranch-app	MANUAL
CIS-2.3.4	scripts/system-groovy	MANUAL
CIS-2.3.4	secrets/creds-in-url	MANUAL
CIS-2.3.4	secrets/mb-creds-in-url	MANUAL
CIS-2.3.4	teams/defaults-mb	MANUAL
CIS-2.3.4	teams/inline-mb	MANUAL
CIS-2.3.4	Équipe A+B/déploiement (prod)	MANUAL
CIS-2.3.5	disabled-job	NA
CIS-2.3.5	hooks/gwt-token	MANUAL
CIS-2.3.5	legacy-build	MANUAL
CIS-2.3.5	legacy-maven	MANUAL
CIS-2.3.5	org/team-a/deep/nightly	MANUAL
CIS-2.3.5	platform/api-service	MANUAL
CIS-2.3.5	platform/inline-deploy	MANUAL
CIS-2.3.5	platform/inline-nosandbox	MANUAL
CIS-2.3.5	platform/multibranch-app	MANUAL
CIS-2.3.5	scripts/system-groovy	MANUAL
CIS-2.3.5	secrets/creds-in-url	MANUAL
CIS-2.3.5	secrets/mb-creds-in-url	MANUAL
CIS-2.3.5	teams/defaults-mb	MANUAL
CIS-2.3.5	teams/inline-mb	MANUAL
CIS-2.3.5	Équipe A+B/déploiement (prod)	MANUAL
CIS-2.3.8	controller	MANUAL
JENKINS-PLUGIN-UPDATES	controller	MANUAL
